,precision,recall,f1-score,support
Brinjal Fruit Creaking,0.0,0.0,0.0,40.0
Healty Brinjal,0.0,0.0,0.0,103.0
Phomopsis Bright,0.0,0.0,0.0,32.0
Shoot and Fruit Borer,0.40166204986149584,1.0,0.5731225296442688,145.0
Wet Rot,0.0,0.0,0.0,41.0
accuracy,0.40166204986149584,0.40166204986149584,0.40166204986149584,0.40166204986149584
macro avg,0.08033240997229917,0.2,0.11462450592885376,361.0
weighted avg,0.16133240229893878,0.40166204986149584,0.2302015700787229,361.0
