,precision,recall,f1-score,support
Brinjal Fruit Creaking,0.7333333333333333,0.825,0.7764705882352941,40.0
Healty Brinjal,0.9238095238095239,0.941747572815534,0.9326923076923077,103.0
Phomopsis Bright,0.6451612903225806,0.625,0.6349206349206349,32.0
Shoot and Fruit Borer,0.910958904109589,0.9172413793103448,0.9140893470790378,145.0
Wet Rot,0.8823529411764706,0.7317073170731707,0.8,41.0
accuracy,0.8670360110803325,0.8670360110803325,0.8670360110803325,0.8670360110803325
macro avg,0.8191231985502995,0.8081392538398099,0.8116345755854549,361.0
weighted avg,0.8681340367317523,0.8670360110803325,0.8664447281596683,361.0
