model_name,test_accuracy,test_loss,macro_avg_f1-score,weighted_avg_f1-score
mobilenetv2_bs8_0.0001_lr,0.4017,1.4883,0.1146,0.2302
mobilenetv2_bs8_0.00001_lr,0.4017,1.4973,0.1146,0.2302
mobilenetv2_bs16_0.0001_lr,0.4017,1.5307,0.1146,0.2302
mobilenetv2_bs16_0.00001_lr,0.4017,1.4999,0.1146,0.2302
mobilenetv2_bs32_0.0001_lr,0.4017,1.5288,0.1146,0.2302
mobilenetv2_bs32_0.00001_lr,0.4017,1.5561,0.1146,0.2302
efficientnetb0_bs8_0.0001_lr,0.6427,1.0249,0.4807,0.6166
efficientnetb0_bs8_0.00001_lr,0.6814,0.8675,0.5506,0.6632
efficientnetb0_bs16_0.0001_lr,0.5789,1.0511,0.3776,0.5266
